[
  {
    "name": "hbjh",
    "email": "jhg@j.hj",
    "mobile": "27136289",
    "gender": "male",
    "textarea": "nhsgdj",
    "country": "dss"
  },
  {
    "name": "hbjhsdkfjhskj",
    "email": "ekslfddjsihikj@hjn.df",
    "mobile": "27136289",
    "gender": "male",
    "textarea": "nhsgdjdsfnmsdhbfj",
    "country": "dss"
  },
  {
    "name": "Prasanthi",
    "email": "prasanthi@gmail.com",
    "mobile": "1234567890",
    "gender": "female",
    "textarea": "prasanthi",
    "country": "dss"
  },
  {
    "name": "Prasanthi gani",
    "email": "prasanthi@gmail.com",
    "mobile": "1234567890",
    "gender": "female",
    "textarea": "prasanthi",
    "country": "dss"
  }
]